aesthetic	-21920
dialogue	-10735
theatre	-8778
prologue	-7223
honour	-5211
catalogue	-5185
aesthetics	-5133
defence	-4099
favour	-3767
mediaeval	-3548
centre	-3462
behaviour	-3040
connexion	-2841
judgement	-2725
humour	-2652
analyses	-2546
labour	-2481
dialogues	-2442
colour	-2152
epilogue	-2097
metre	-2067
monologue	-1966
favourite	-1889
grey	-1660
analogue	-1548
honourable	-1247
analogues	-1189
colours	-1178
theatres	-1110
traveller	-983
endeavour	-969
travelling	-926
offence	-921
practised	-917
cancelled	-912
scepticism	-907
favourable	-905
analyse	-903
fulfilment	-903
marvellous	-835
aesthetically	-832
sceptical	-807
catalogues	-805
modelled	-777
fulfil	-764
travelled	-748
programme	-719
labours	-696
favoured	-695
licence	-686
vigour	-679
archaeological	-676
moult	-665
travellers	-652
analysed	-637
institutionalized	6
stories	13
globalization	14
colonized	15
dramatizes	16
licensed	16
marginalized	19
internalized	21
organizing	21
characterizing	24
idealization	24
theorizing	24
dramatize	25
generalizations	25
organizations	25
dramatization	27
symbolizes	30
moralizing	32
summarize	34
dramatized	36
summarizes	36
generalized	38
symbolized	38
generalization	49
realizing	54
sympathize	55
idealized	56
italicized	58
symbolize	59
emphasizing	60
recognizing	60
utilized	60
criticizes	63
criticizing	68
realizes	68
organize	69
check	70
characterize	72
characterizes	81
recognizable	86
specialized	89
story	93
artifacts	96
criticize	96
organized	106
summarized	107
civilized	110
programs	111
recognizes	120
artifact	127
authorized	135
emphasized	138
practices	139
drafts	148
emphasizes	153
realization	154
emphasize	156
fiber	158
criticized	161
characterized	169
plowman	170
organization	210
rigor	221
realized	293
draft	295
practicing	306
realize	310
analyzing	322
fulfills	325
recognize	334
neighborhood	350
connections	379
encyclopedia	405
neighbors	425
valor	439
neighbor	448
centered	449
favors	464
honors	467
endeavors	480
recognized	491
labeled	523
armor	533
centers	533
splendor	542
honored	572
pretense	582
colored	585
practice	598
analyzed	637
molt	665
vigor	679
license	686
favored	695
labors	696
program	719
fulfill	764
modeled	777
skeptical	807
marvelous	835
analyze	903
fulfillment	903
favorable	905
skepticism	907
practiced	917
offense	921
traveling	926
endeavor	969
traveler	983
theaters	1110
colors	1178
honorable	1247
gray	1660
favorite	1889
meter	2067
color	2152
labor	2481
analyzes	2546
humor	2652
judgment	2725
connection	2841
behavior	3040
center	3462
medieval	3548
defense	4099
catalog	5185
honor	5211
theater	8778
esthetic	21920
